
VideoRay	v**,VideoRay,_equip_videoray.html,library/htm/_equip_videoray.htm,,library/htm/equip_videoray_sb.htm,	videoray
Buccaneer	v**,Buccaneer,_equip_buccaneer.html,library/htm/_equip_buccaneer.htm,,library/htm/equip_buccaneer_sb.htm,	buccaneer
Buckley's	v**,Buckley's,_equip_buckleys.html,library/htm/_equip_buckleys.htm,,library/htm/equip_buckleys_sb.htm,	buckleys
Cygnus Instruments	v**,Cygnus Instruments,_equip_cygnus.html,library/htm/_equip_cygnus.htm,,library/htm/equip_cygnus_sb.htm,	cygnus
Desert Star Systems	v**,Desert Star Systems,_equip_desert_star.html,library/htm/_equip_desert_star.htm,,library/htm/equip_desert_star_sb.htm,	desert_star
Franatech	v**,Franatech,_equip_franatech.html,library/htm/_equip_franatech.htm,,library/htm/equip_franatech_sb.htm,	franatech
Inuktun Services	v**,Inuktun Services,_equip_inuktun.html,library/htm/_equip_inuktun.htm,,library/htm/equip_inuktun_sb.htm,	inuktun
KCF Technologies	v**,KCF Technologies,_equip_kcf.html,library/htm/_equip_kcf.htm,,library/htm/equip_kcf_sb.htm,	kcf
Lyyn	v**,Lyyn,_equip_lyyn.html,library/htm/_equip_lyyn.htm,,library/htm/equip_lyyn_sb.htm,	lyyn
Teledyne BlueView	v**,TeleDyne BlueView,_equip_blueview.html,library/htm/_equip_blueview.htm,,library/htm/equip_blueview_sb.htm,	blueview
Teledyne RD Instruments	v**,Teledyne RD Instruments,_equip_teledyne_rdi.html,library/htm/_equip_teledyne_rdi.htm,,library/htm/equip_teledyne_rdi_sb.htm,	teledyne_rdi
TNO	v**,TNO,_equip_tno.html,library/htm/_equip_tno.htm,,library/htm/equip_tno_sb.htm,	tno
Tritech International	v**,Tritech International,_equip_tritech.html,library/htm/_equip_tritech.htm,,library/htm/equip_tritech_sb.htm,	tritech
Turner Designs	v**,Turner Designs,_equip_turner.html,library/htm/_equip_turner.htm,,library/htm/equip_turner_sb.htm,	turner
YSI	v**,YSI,_equip_ysi.html,library/htm/_equip_ysi.htm,,library/htm/equip_ysi_sb.htm,	ysi
